threshold,precision,recall,avg_robots_down,pool_size,shortfall_prob,fp_cost_180d,fn_cost_180d,pool_cost_180d,chronic_cost_180d,total_cost_180d
1.0,0.8803680981595092,0.8466076696165191,4.65,16,8e-06,3510000,4312264,115200,180800,8118264
2.0,0.8067226890756303,0.8495575221238938,5.36,17,1.3e-05,6210000,4313045,122400,187200,10832645
3.0,0.7435897435897436,0.855457227138643,6.07,19,6e-06,9000000,4339388,136800,192800,13668988
4.0,0.69377990430622,0.855457227138643,6.71,20,8e-06,11520000,4297077,144000,211200,16172277
5.0,0.6575963718820862,0.855457227138643,7.23,21,7e-06,13590000,4232185,151200,215200,18188585
6.0,0.6170212765957447,0.855457227138643,7.86,22,9e-06,16200000,4172953,158400,224800,20756153
7.0,0.5692007797270955,0.8613569321533924,8.78,24,6e-06,19890000,4121432,172800,244800,24429032
8.0,0.5318761384335154,0.8613569321533924,9.59,25,9e-06,23130000,4118986,180000,254400,27683386
9.0,0.49491525423728816,0.8613569321533924,10.5,26,1.5e-05,26820000,4126157,187200,260000,31393357
10.0,0.47875816993464054,0.8643067846607669,10.99,27,1.2e-05,28710000,4178526,194400,292800,33375726
11.0,0.443267776096823,0.8643067846607669,12.04,29,9e-06,33120000,4078871,208800,296800,37704471
12.0,0.41917024320457796,0.8643067846607669,12.87,30,1.3e-05,36540000,3976019,216000,311200,41043219
13.0,0.39594594594594595,0.8643067846607669,13.81,32,8e-06,40230000,3977356,230400,315200,44752956
14.0,0.3788659793814433,0.8672566371681416,14.55,33,9e-06,43380000,3934662,237600,353600,47905862
15.0,0.36009732360097324,0.8731563421828908,15.53,34,1.5e-05,47340000,3956258,244800,365600,51906658
16.0,0.3468677494199536,0.8820058997050148,16.39,35,1.9e-05,50670000,3981714,252000,375200,55278914
17.0,0.3225458468176915,0.8820058997050148,17.78,38,9e-06,56520000,3937525,273600,414400,61145525
18.0,0.3082474226804124,0.8820058997050148,18.74,39,1.3e-05,60390000,3932583,280800,422400,65025783
19.0,0.29721669980119286,0.8820058997050148,19.53,40,1.5e-05,63630000,3887114,288000,432000,68237114
20.0,0.28763183125599234,0.8849557522123894,20.3,41,1.7e-05,66870000,3846055,295200,476000,71487255
21.0,0.273972602739726,0.8849557522123894,21.44,43,1.3e-05,71550000,3773076,309600,487200,76119876
22.0,0.2640845070422535,0.8849557522123894,22.35,44,1.6e-05,75240000,3763226,316800,499200,79819226
23.0,0.25359256128486896,0.8849557522123894,23.41,46,1.2e-05,79470000,3751230,331200,512800,84065230
24.0,0.23923444976076555,0.8849557522123894,24.92,48,1.3e-05,85860000,3720567,345600,585600,90511767
25.0,0.23405909797822705,0.887905604719764,25.61,49,1.3e-05,88650000,3697860,352800,598400,93299060
26.0,0.22638680659670166,0.8908554572271387,26.65,50,1.8e-05,92880000,3753491,360000,613600,97607091
27.0,0.21596578759800428,0.8938053097345132,28.11,52,1.8e-05,99000000,3731280,374400,676800,103782480
28.0,0.2125,0.9026548672566371,28.85,53,1.9e-05,102060000,3627671,381600,692000,106761271
29.0,0.2071767095463778,0.9026548672566371,29.69,54,2.1e-05,105390000,3680082,388800,707200,110166082
30.0,0.2023731048121292,0.9056047197640118,30.54,55,2.3e-05,108900000,3627251,396000,784800,113708051
31.0,0.19369085173501577,0.9056047197640118,32.0,57,2.3e-05,115020000,3645354,410400,804800,119880554
32.0,0.18903940886699508,0.9056047197640118,32.88,58,2.6e-05,118530000,3607904,417600,828000,123383504
33.0,0.185207456404089,0.9085545722713865,33.71,60,1.5e-05,121950000,3569941,432000,842400,126794341
34.0,0.17824074074074073,0.9085545722713865,35.11,61,2.6e-05,127800000,3549268,439200,912000,132700468
35.0,0.17470221213840045,0.9085545722713865,35.9,62,2.7e-05,130950000,3560302,446400,931200,135887902
36.0,0.1712860310421286,0.911504424778761,36.81,64,1.7e-05,134550000,3536409,460800,948800,139496009
37.0,0.1657725321888412,0.911504424778761,38.12,65,2.6e-05,139950000,3523770,468000,1019200,144960970
38.0,0.16325459317585303,0.9174041297935103,38.98,66,2.9e-05,143460000,3470836,475200,1041600,148447636
39.0,0.15875446656457376,0.9174041297935103,40.16,68,2.2e-05,148320000,3446119,489600,1061600,153317319
40.0,0.1548804780876494,0.9174041297935103,41.2,69,2.8e-05,152730000,3342162,496800,1140800,157709762
41.0,0.14949688548155246,0.9203539823008849,42.92,72,1.8e-05,159750000,3397262,518400,1164000,164829662
42.0,0.14620431115276475,0.9203539823008849,43.96,73,2.2e-05,163980000,3385927,525600,1195200,169086727
43.0,0.14279176201372998,0.9203539823008849,45.07,74,2.8e-05,168570000,3354729,532800,1225600,173683129
44.0,0.13985701519213584,0.9233038348082596,46.19,76,2.1e-05,173250000,3368843,547200,1289600,178455643
45.0,0.1375219683655536,0.9233038348082596,47.05,77,2.3e-05,176670000,3319931,554400,1328000,181872331
46.0,0.13476394849785409,0.9262536873156342,48.2,78,2.9e-05,181440000,3282812,561600,1360800,186645212
47.0,0.13110647181628393,0.9262536873156342,49.63,80,2.7e-05,187290000,3269588,576000,1408000,192543588
48.0,0.1281109751121991,0.9262536873156342,50.83,82,2.1e-05,192330000,3227405,590400,1447200,197595005
49.0,0.12665330661322646,0.9321533923303835,51.77,83,2.4e-05,196110000,3215097,597600,1480000,201402697
50.0,0.12411626080125687,0.9321533923303835,52.9,84,3e-05,200700000,3251433,604800,1527200,206083433
51.0,0.121960632960247,0.9321533923303835,53.88,85,3.4e-05,204750000,3223343,612000,1575200,210160543
52.0,0.11986430456087448,0.9380530973451328,55.22,87,2.9e-05,210150000,3240543,626400,1624800,215641743
53.0,0.11825572801182557,0.943952802359882,56.32,88,3.5e-05,214740000,3183499,633600,1659200,220216299
54.0,0.11580086580086581,0.9469026548672567,57.75,90,3.2e-05,220590000,3160728,648000,1720800,226119528
55.0,0.11314769122312301,0.9469026548672567,59.18,92,2.9e-05,226440000,3154737,662400,1769600,232026737
56.0,0.11042311661506708,0.9469026548672567,60.66,94,2.7e-05,232740000,3079944,676800,1816000,238312744
57.0,0.10793544048419637,0.9469026548672567,62.14,96,2.6e-05,238770000,3080599,691200,1886400,244428199
58.0,0.10583580613254204,0.9469026548672567,63.41,97,3.4e-05,244080000,3063658,698400,1948000,249790058
59.0,0.10405186385737439,0.9469026548672567,64.55,99,2.6e-05,248760000,3071713,712800,1992800,254537313
60.0,0.10180780209324453,0.9469026548672567,66.07,100,3.9e-05,254880000,3054182,720000,2066400,260720582
61.0,0.10081148564294631,0.9528023598820059,67.2,102,3e-05,259290000,2999872,734400,2096000,265120272
62.0,0.09966164257151645,0.9557522123893806,68.24,103,3.4e-05,263430000,3012466,741600,2152000,269336066
63.0,0.09821698398307646,0.9587020648967551,69.46,105,2.8e-05,268560000,2976039,756000,2196000,274488039
64.0,0.09587020648967552,0.9587020648967551,71.21,107,3e-05,275850000,2959022,770400,2276000,281855422
65.0,0.09401214926236622,0.9587020648967551,72.63,108,4.1e-05,281880000,2901232,777600,2335200,287894032
66.0,0.09263995453253765,0.9616519174041298,73.97,110,3.6e-05,287370000,2887935,792000,2406400,293456335
67.0,0.09088382434685936,0.9646017699115044,75.67,112,3.7e-05,294390000,2914258,806400,2504800,300615458
68.0,0.08981049162318044,0.9646017699115044,76.65,113,4e-05,298260000,2873486,813600,2560800,304507886
69.0,0.08872058425750609,0.967551622418879,77.84,115,3.2e-05,303210000,2899824,828000,2628000,309565824
70.0,0.08753315649867374,0.9734513274336283,79.39,117,3.1e-05,309600000,2838869,842400,2706400,315987669
71.0,0.08625196027182436,0.9734513274336283,80.59,118,3.7e-05,314640000,2860042,849600,2775200,321124842
72.0,0.08502440277421013,0.976401179941003,82.05,120,3.4e-05,320580000,2834405,864000,2856000,327134405
73.0,0.08366935483870967,0.9793510324483776,83.65,122,3.3e-05,327240000,2806940,878400,2914400,333839740
74.0,0.08189442525900345,0.9793510324483776,85.52,124,3.7e-05,334980000,2801229,892800,3025600,341699629
75.0,0.08054342552159147,0.9793510324483776,86.99,126,3.4e-05,341100000,2822421,907200,3086400,347916021
76.0,0.0794638583054093,0.9793510324483776,88.2,127,4.1e-05,346140000,2747127,914400,3155200,352956727
77.0,0.0779159821638113,0.9793510324483776,90.01,129,4.4e-05,353610000,2768225,928800,3257600,360564625
78.0,0.07663896583564174,0.9793510324483776,91.54,131,4.2e-05,360000000,2768544,943200,3337600,367049344
79.0,0.07519818799546998,0.9793510324483776,93.36,133,4.5e-05,367470000,2759375,957600,3448800,374635775
80.0,0.07327300816596778,0.9793510324483776,95.84,136,4.5e-05,377910000,2753243,979200,3614400,385256843
81.0,0.07189259419662192,0.9793510324483776,97.73,138,4.9e-05,385740000,2717554,993600,3721600,393172754
82.0,0.0707436607713616,0.9793510324483776,99.39,140,4.9e-05,392490000,2712914,1008000,3828800,400039714
83.0,0.0697332493173703,0.9793510324483776,100.87,142,4.5e-05,398610000,2694512,1022400,3907200,406234112
84.0,0.06795918367346938,0.9823008849557522,103.85,146,3.8e-05,411030000,2674905,1051200,4155200,418911305
85.0,0.06704134885588117,0.9852507374631269,105.62,148,4e-05,418320000,2646944,1065600,4311200,426343744
86.0,0.06602095275746195,0.9852507374631269,107.32,150,4e-05,425250000,2627480,1080000,4418400,433375880
87.0,0.06474681097796675,0.9882005899705014,109.85,153,4.1e-05,435510000,2635073,1101600,4653600,443900273
88.0,0.06341094075335983,0.9882005899705014,112.2,155,5.3e-05,445320000,2642144,1116000,4828000,453906144
89.0,0.06222139673105498,0.9882005899705014,114.42,158,4.7e-05,454410000,2642345,1137600,4990400,463180345
90.0,0.06095791001451379,0.9911504424778761,117.19,161,5.1e-05,465840000,2642845,1159200,5242400,474884445
91.0,0.05983971504897596,0.9911504424778761,119.51,164,4.7e-05,475110000,2653052,1180800,5456000,484399852
92.0,0.05889570552147239,0.9911504424778761,121.5,166,5.3e-05,483210000,2667623,1195200,5632800,492705623
93.0,0.05798101811906816,0.9911504424778761,123.51,169,4.3e-05,491310000,2654107,1216800,5844800,501025707
94.0,0.056375838926174496,0.9911504424778761,127.15,173,4.7e-05,506160000,2668048,1245600,6243200,516316848
95.0,0.05536332179930796,0.9911504424778761,129.6,176,4.5e-05,515970000,2677791,1267200,6524000,526438991
96.0,0.054097568829496054,0.9911504424778761,132.72,179,5.6e-05,528750000,2673382,1288800,6855200,539567382
97.0,0.05304704767919166,0.9911504424778761,135.45,182,5.9e-05,539820000,2677901,1310400,7210400,551018701
98.0,0.05180388529139685,0.9911504424778761,138.84,186,5.8e-05,553500000,2660760,1339200,7582400,565082360
99.0,0.050878255602665054,0.9911504424778761,141.54,189,6e-05,564120000,2664901,1360800,7914400,576060101
