fpr,tpr,risk_score_threshold
0.0,0.0,inf
0.0015526343028671981,0.8466076696165191,100.0
0.0018631611634406377,0.8466076696165191,99.9
0.002277196977538557,0.8466076696165191,99.8
0.002380705931063037,0.8466076696165191,99.6
0.0027947417451609563,0.8466076696165191,99.4
0.0034157954663078358,0.8466076696165191,99.3
0.003829831280405755,0.8466076696165191,99.2
0.004036849187454714,0.8466076696165191,99.1
0.004657902908601594,0.8466076696165191,98.8
0.004761411862126074,0.8495575221238938,98.7
0.005071938722699514,0.8495575221238938,98.6
0.0059000103508953525,0.8495575221238938,98.4
0.006624573025566712,0.8495575221238938,98.3
0.0068315909326156716,0.8495575221238938,98.2
0.007142117793189111,0.8495575221238938,98.1
0.008073698374909429,0.8495575221238938,98.0
0.00838422523548287,0.8525073746312685,97.9
0.008591243142531828,0.855457227138643,97.8
0.008694752096056309,0.855457227138643,97.7
0.009108787910154228,0.855457227138643,97.6
0.009315805817203189,0.855457227138643,97.4
0.009936859538350067,0.855457227138643,97.3
0.010040368491874547,0.855457227138643,97.2
0.010350895352447986,0.855457227138643,97.1
0.010557913259496947,0.855457227138643,97.0
0.010868440120070386,0.855457227138643,96.9
0.011075458027119347,0.855457227138643,96.8
0.011696511748266225,0.855457227138643,96.7
0.012317565469413105,0.855457227138643,96.5
0.012421074422937585,0.855457227138643,96.3
0.013042128144084463,0.855457227138643,96.2
0.013249146051133424,0.855457227138643,96.1
0.013559672911706863,0.855457227138643,96.0
0.013766690818755822,0.855457227138643,95.8
0.013973708725804782,0.855457227138643,95.7
0.014387744539902702,0.855457227138643,95.6
0.014491253493427182,0.855457227138643,95.5
0.014905289307525101,0.855457227138643,95.4
0.01552634302867198,0.855457227138643,95.2
0.01562985198219646,0.855457227138643,95.1
0.01583686988924542,0.855457227138643,94.9
0.016147396749818858,0.855457227138643,94.8
0.01656143256391678,0.855457227138643,94.7
0.01676845047096574,0.855457227138643,94.6
0.017078977331539177,0.855457227138643,94.5
0.017493013145637098,0.855457227138643,94.4
0.01780354000621054,0.855457227138643,94.3
0.018321084773832937,0.855457227138643,94.2
0.018631611634406377,0.855457227138643,94.1
0.019149156402028775,0.855457227138643,94.0
0.019459683262602216,0.855457227138643,93.9
0.019666701169651173,0.855457227138643,93.8
0.019977228030224614,0.855457227138643,93.7
0.020080736983749094,0.855457227138643,93.6
0.020287754890798055,0.855457227138643,93.5
0.020598281751371492,0.855457227138643,93.4
0.021943898147189733,0.855457227138643,93.3
0.02225442500776317,0.855457227138643,93.2
0.02287547872891005,0.8613569321533924,93.1
0.023082496635959012,0.8613569321533924,93.0
0.02339302349653245,0.8613569321533924,92.9
0.02391056826415485,0.8613569321533924,92.8
0.02453162198530173,0.8613569321533924,92.7
0.025152675706448607,0.8613569321533924,92.5
0.02556671152054653,0.8613569321533924,92.4
0.025773729427595485,0.8613569321533924,92.3
0.026291274195217887,0.8613569321533924,92.2
0.026601801055791324,0.8613569321533924,92.1
0.027222854776938206,0.8613569321533924,92.0
0.027740399544560604,0.8613569321533924,91.9
0.028671980126280923,0.8613569321533924,91.6
0.02950005175447676,0.8613569321533924,91.5
0.029707069661525722,0.8613569321533924,91.4
0.03022461442914812,0.8613569321533924,91.3
0.03063865024324604,0.8613569321533924,91.2
0.030845668150295002,0.8613569321533924,91.1
0.030949177103819482,0.8613569321533924,90.9
0.03115619501086844,0.8613569321533924,90.7
0.03157023082496636,0.8613569321533924,90.6
0.03219128454611324,0.8613569321533924,90.5
0.0323983024531622,0.8643067846607669,90.4
0.03260532036021116,0.8643067846607669,90.3
0.032708829313735636,0.8643067846607669,90.2
0.03301935617430908,0.8643067846607669,90.1
0.03488251733774971,0.8643067846607669,90.0
0.035503571058896594,0.8643067846607669,89.9
0.03581409791947003,0.8643067846607669,89.8
0.035917606872994515,0.8643067846607669,89.7
0.03674567850119035,0.8643067846607669,89.6
0.036849187454714834,0.8643067846607669,89.5
0.037263223268812755,0.8643067846607669,89.4
0.03757375012938619,0.8643067846607669,89.3
0.03767725908291067,0.8643067846607669,89.2
0.03809129489700859,0.8643067846607669,89.1
0.038194803850533074,0.8643067846607669,89.0
0.03881585757167995,0.8643067846607669,88.8
0.03985094710692475,0.8643067846607669,88.7
0.040264982921022666,0.8643067846607669,88.6
0.040472000828071626,0.8643067846607669,88.5
0.04088603664216955,0.8643067846607669,88.4
0.04109305454921851,0.8643067846607669,88.3
0.04150709036331643,0.8643067846607669,88.2
0.04202463513093883,0.8643067846607669,88.1
0.04285270675913466,0.8643067846607669,88.0
0.04357726943380603,0.8643067846607669,87.9
0.043887796294379465,0.8643067846607669,87.8
0.044301832108477386,0.8643067846607669,87.6
0.04492288582962426,0.8643067846607669,87.4
0.045957975364869064,0.8643067846607669,87.2
0.0462685022254425,0.8643067846607669,87.1
0.04647552013249146,0.8643067846607669,86.9
0.04699306490011386,0.8643067846607669,86.8
0.04854569920298106,0.8643067846607669,86.7
0.04864920815650554,0.8643067846607669,86.6
0.04927026187765242,0.8643067846607669,86.5
0.04947727978470138,0.8643067846607669,86.4
0.04978780664527482,0.8643067846607669,86.2
0.04989131559879929,0.8672566371681416,86.1
0.050305351412897215,0.8672566371681416,86.0
0.05082289618051961,0.8672566371681416,85.9
0.050926405134044096,0.8672566371681416,85.8
0.051443949901666494,0.8672566371681416,85.7
0.05175447676223993,0.8702064896755162,85.6
0.052272021529862336,0.8731563421828908,85.5
0.052996584204533695,0.8731563421828908,85.4
0.053928164786254014,0.8731563421828908,85.3
0.05413518269330297,0.8731563421828908,85.2
0.05444570955387641,0.8731563421828908,85.1
0.05485974536797433,0.8761061946902655,85.0
0.05537729013559673,0.8761061946902655,84.9
0.05558430804264569,0.8761061946902655,84.8
0.05579132594969465,0.8790560471976401,84.7
0.05630887071731705,0.8790560471976401,84.6
0.05641237967084153,0.8820058997050148,84.5
0.056929924438463925,0.8820058997050148,84.4
0.057343960252561846,0.8820058997050148,84.3
0.057861505020184244,0.8820058997050148,84.2
0.058275540834282165,0.8820058997050148,84.1
0.05879308560190456,0.8820058997050148,84.0
0.059207121416002484,0.8820058997050148,83.9
0.05951764827657592,0.8820058997050148,83.8
0.05972466618362488,0.8820058997050148,83.7
0.059828175137149366,0.8820058997050148,83.6
0.060345719904771764,0.8820058997050148,83.5
0.061898354207638964,0.8820058997050148,83.4
0.06407204223165304,0.8820058997050148,83.3
0.06458958699927543,0.8820058997050148,83.2
0.06500362281337335,0.8820058997050148,83.1
0.0653141496739468,0.8820058997050148,83.0
0.06624573025566712,0.8820058997050148,82.9
0.06676327502328952,0.8820058997050148,82.8
0.06697029293033847,0.8820058997050148,82.7
0.0673843287444364,0.8820058997050148,82.6
0.0679018735120588,0.8820058997050148,82.5
0.06810889141910775,0.8820058997050148,82.4
0.06841941827968119,0.8820058997050148,82.3
0.06914398095435255,0.8820058997050148,82.2
0.06976503467549942,0.8820058997050148,82.0
0.06997205258254839,0.8820058997050148,81.9
0.07100714211779319,0.8820058997050148,81.7
0.07121416002484215,0.8820058997050148,81.6
0.07131766897836662,0.8820058997050148,81.5
0.07162819583894006,0.8820058997050148,81.4
0.07183521374598903,0.8820058997050148,81.3
0.07224924956008695,0.8820058997050148,81.2
0.07318083014180726,0.8820058997050148,81.1
0.07338784804885623,0.8820058997050148,81.0
0.0734913570023807,0.8820058997050148,80.9
0.07380188386295415,0.8820058997050148,80.8
0.07452644653762551,0.8820058997050148,80.7
0.07483697339819895,0.8820058997050148,80.6
0.07525100921229687,0.8820058997050148,80.5
0.07576855397991926,0.8820058997050148,80.4
0.07649311665459062,0.8820058997050148,80.3
0.07680364351516406,0.8820058997050148,80.2
0.07690715246868854,0.8849557522123894,80.1
0.0797018942138495,0.8849557522123894,80.0
0.07980540316737397,0.8849557522123894,79.9
0.08042645688852086,0.8849557522123894,79.7
0.08052996584204533,0.8849557522123894,79.6
0.08125452851671669,0.8849557522123894,79.5
0.08156505537729014,0.8849557522123894,79.4
0.0817720732843391,0.8849557522123894,79.3
0.08208260014491253,0.8849557522123894,79.2
0.0822896180519615,0.8849557522123894,79.1
0.0833247075872063,0.8849557522123894,78.9
0.08373874340130422,0.8849557522123894,78.8
0.08394576130835317,0.8849557522123894,78.7
0.08456681502950006,0.8849557522123894,78.5
0.08529137770417142,0.8849557522123894,78.4
0.08560190456474485,0.8849557522123894,78.3
0.08601594037884278,0.8849557522123894,78.2
0.08653348514646517,0.8849557522123894,78.1
0.08777559258875893,0.8849557522123894,77.9
0.08860366421695477,0.8849557522123894,77.8
0.08912120898457716,0.8849557522123894,77.7
0.08932822689162613,0.8849557522123894,77.5
0.09046682538039541,0.8849557522123894,77.4
0.09108787910154229,0.8849557522123894,77.3
0.09119138805506677,0.8849557522123894,77.2
0.09139840596211572,0.8849557522123894,77.1
0.09191595072973813,0.8849557522123894,77.0
0.09274402235793396,0.8849557522123894,76.8
0.09657385363833972,0.8849557522123894,76.7
0.09709139840596212,0.8849557522123894,76.6
0.09750543422006004,0.8849557522123894,76.4
0.09874754166235379,0.8849557522123894,76.1
0.0992650864299762,0.887905604719764,76.0
0.09957561329054963,0.887905604719764,75.9
0.10009315805817204,0.887905604719764,75.8
0.10019666701169651,0.887905604719764,75.7
0.10050719387226995,0.887905604719764,75.6
0.10133526550046579,0.887905604719764,75.4
0.10154228340751476,0.887905604719764,75.2
0.10195631922161268,0.887905604719764,75.1
0.10257737294275955,0.887905604719764,74.9
0.1027843908498085,0.8908554572271387,74.8
0.10392298933857778,0.8908554572271387,74.7
0.10485456992029811,0.8908554572271387,74.6
0.10526860573439603,0.8908554572271387,74.5
0.1058896594555429,0.8908554572271387,74.4
0.10609667736259186,0.8908554572271387,74.3
0.10620018631611634,0.8908554572271387,74.2
0.10682124003726322,0.8908554572271387,74.1
0.10733878480488562,0.8908554572271387,74.0
0.10764931166545906,0.8908554572271387,73.9
0.10775282061898354,0.8908554572271387,73.8
0.10837387434013042,0.8908554572271387,73.7
0.10858089224717939,0.8908554572271387,73.6
0.10889141910775282,0.8908554572271387,73.5
0.11220370562053618,0.8908554572271387,73.4
0.11241072352758513,0.8938053097345132,73.3
0.11303177724873202,0.8938053097345132,73.2
0.11385984887692785,0.8938053097345132,73.1
0.11427388469102577,0.8938053097345132,73.0
0.11468792050512369,0.8967551622418879,72.9
0.11499844736569713,0.8967551622418879,72.8
0.11561950108684402,0.8997050147492626,72.7
0.11624055480799089,0.8997050147492626,72.5
0.11634406376151538,0.8997050147492626,72.4
0.11655108166856433,0.8997050147492626,72.3
0.11706862643618673,0.9026548672566371,72.2
0.11768968015733361,0.9026548672566371,72.0
0.11810371597143153,0.9026548672566371,71.9
0.11851775178552945,0.9026548672566371,71.7
0.11882827864610289,0.9026548672566371,71.6
0.1193458234137253,0.9026548672566371,71.5
0.12007038608839665,0.9026548672566371,71.4
0.1202774039954456,0.9026548672566371,71.3
0.12058793085601904,0.9026548672566371,71.2
0.12245109201945968,0.9026548672566371,70.9
0.12265810992650865,0.9026548672566371,70.8
0.12296863678708209,0.9026548672566371,70.7
0.12358969050822896,0.9026548672566371,70.6
0.12400372632232688,0.9026548672566371,70.5
0.12452127108994929,0.9026548672566371,70.4
0.12462478004347376,0.9026548672566371,70.3
0.12503881585757168,0.9026548672566371,70.2
0.12524583376462065,0.9056047197640118,70.1
0.12866162923092847,0.9056047197640118,70.0
0.12928268295207535,0.9056047197640118,69.9
0.12990373667322225,0.9056047197640118,69.6
0.13052479039436912,0.9056047197640118,69.5
0.13124935306904048,0.9056047197640118,69.4
0.1315598799296139,0.9056047197640118,69.3
0.13197391574371184,0.9056047197640118,69.2
0.13228444260428526,0.9056047197640118,69.1
0.13280198737190768,0.9056047197640118,69.0
0.13342304109305456,0.9056047197640118,68.8
0.13383707690715246,0.9056047197640118,68.7
0.13456163958182382,0.9056047197640118,68.6
0.13497567539592176,0.9056047197640118,68.5
0.13601076493116654,0.9056047197640118,68.3
0.13611427388469102,0.9056047197640118,68.2
0.13632129179174,0.9056047197640118,68.1
0.13725287237346032,0.9056047197640118,68.0
0.13756339923403374,0.9085545722713865,67.9
0.13818445295518061,0.9085545722713865,67.7
0.1382879619087051,0.9085545722713865,67.6
0.13870199772280303,0.9085545722713865,67.5
0.13911603353690094,0.9085545722713865,67.3
0.1398405962115723,0.9085545722713865,67.2
0.14025463202567023,0.9085545722713865,67.1
0.1408756857468171,0.9085545722713865,67.0
0.14149673946796398,0.9085545722713865,66.8
0.14532657074836974,0.9085545722713865,66.7
0.14553358865541868,0.9085545722713865,66.6
0.14594762446951662,0.9085545722713865,66.5
0.14615464237656559,0.9085545722713865,66.4
0.1469827140047614,0.9085545722713865,66.2
0.14729324086533485,0.9085545722713865,66.0
0.14750025877238382,0.9085545722713865,65.9
0.14781078563295724,0.9085545722713865,65.8
0.14822482144705518,0.9085545722713865,65.7
0.14843183935410412,0.9085545722713865,65.6
0.14905289307525102,0.9085545722713865,65.5
0.14915640202877548,0.9085545722713865,65.4
0.14977745574992238,0.9085545722713865,65.2
0.15060552737811822,0.9085545722713865,65.1
0.15101956319221613,0.9085545722713865,64.9
0.15226167063450988,0.9085545722713865,64.7
0.1526757064486078,0.9085545722713865,64.6
0.1527792154021323,0.9085545722713865,64.5
0.1532967601697547,0.9085545722713865,64.4
0.15391781389090156,0.9085545722713865,64.3
0.15443535865852395,0.911504424778761,64.2
0.1547458855190974,0.911504424778761,64.1
0.1552634302867198,0.911504424778761,64.0
0.15547044819376876,0.911504424778761,63.9
0.1557809750543422,0.911504424778761,63.8
0.15588448400786667,0.911504424778761,63.7
0.15660904668253803,0.911504424778761,63.6
0.15754062726425835,0.911504424778761,63.5
0.1599213331953214,0.911504424778761,63.4
0.16012835110237036,0.911504424778761,63.3
0.1609564227305662,0.911504424778761,63.1
0.16168098540523757,0.911504424778761,63.0
0.161991512265811,0.911504424778761,62.9
0.16261256598695786,0.911504424778761,62.8
0.16323361970810474,0.9144542772861357,62.7
0.16333712866162922,0.9174041297935103,62.6
0.1635441465686782,0.9174041297935103,62.5
0.164579236103923,0.9174041297935103,62.3
0.16468274505744748,0.9174041297935103,62.2
0.1649932719180209,0.9174041297935103,62.1
0.1655108166856433,0.9174041297935103,62.0
0.16623537936031466,0.9174041297935103,61.9
0.1670634509885105,0.9174041297935103,61.7
0.16830555843080428,0.9174041297935103,61.5
0.1696511748266225,0.9174041297935103,61.4
0.17047924645481835,0.9174041297935103,61.2
0.17058275540834283,0.9174041297935103,61.1
0.17161784494358762,0.9174041297935103,60.9
0.17254942552530794,0.9174041297935103,60.8
0.17296346133940585,0.9174041297935103,60.7
0.17451609564227305,0.9174041297935103,60.4
0.17513714936341993,0.9174041297935103,60.2
0.17565469413104234,0.9174041297935103,60.1
0.17896698064382568,0.9174041297935103,60.0
0.17958803436497256,0.9174041297935103,59.9
0.18051961494669289,0.9174041297935103,59.8
0.18083014180726634,0.9203539823008849,59.7
0.18165821343546218,0.9203539823008849,59.5
0.18238277611013354,0.9203539823008849,59.4
0.18321084773832935,0.9203539823008849,59.3
0.1835213745989028,0.9203539823008849,59.2
0.18372839250595177,0.9203539823008849,59.1
0.18424593727357416,0.9203539823008849,59.0
0.1845564641341476,0.9203539823008849,58.9
0.1851775178552945,0.9203539823008849,58.8
0.1854880447158679,0.9203539823008849,58.7
0.18621260739053927,0.9203539823008849,58.6
0.1866266432046372,0.9203539823008849,58.5
0.18786875064693095,0.9203539823008849,58.3
0.1881792775075044,0.9203539823008849,58.2
0.1885933133216023,0.9203539823008849,58.1
0.18962840285684712,0.9203539823008849,57.9
0.190249456577994,0.9203539823008849,57.8
0.1912845461132388,0.9203539823008849,57.6
0.19169858192733671,0.9203539823008849,57.5
0.19263016250905704,0.9203539823008849,57.4
0.1933547251837284,0.9203539823008849,57.3
0.1937687609978263,0.9203539823008849,57.2
0.1938722699513508,0.9203539823008849,57.1
0.19459683262602215,0.9233038348082596,57.0
0.1949073594865956,0.9233038348082596,56.9
0.19552841320774247,0.9233038348082596,56.8
0.19718455646413416,0.9233038348082596,56.7
0.19759859227823207,0.9233038348082596,56.6
0.19790911913880552,0.9233038348082596,56.5
0.19832315495290342,0.9233038348082596,56.4
0.19884069972052582,0.9233038348082596,56.3
0.19925473553462375,0.9233038348082596,56.1
0.19977228030224614,0.9233038348082596,56.0
0.19987578925577063,0.9233038348082596,55.9
0.2004968429769175,0.9233038348082596,55.8
0.20070386088396647,0.9233038348082596,55.7
0.20080736983749095,0.9233038348082596,55.6
0.20122140565158886,0.9233038348082596,55.5
0.20173895041921125,0.9233038348082596,55.4
0.2024635130938826,0.9233038348082596,55.3
0.20277403995445606,0.9233038348082596,55.2
0.20318807576855397,0.9233038348082596,55.1
0.20380912948970087,0.9233038348082596,55.0
0.20432667425732326,0.9233038348082596,54.9
0.20474071007142117,0.9233038348082596,54.8
0.20494772797847013,0.9233038348082596,54.7
0.20546527274609253,0.9262536873156342,54.6
0.20598281751371494,0.9262536873156342,54.5
0.20784597867715557,0.9262536873156342,54.2
0.2086740503053514,0.9262536873156342,54.1
0.20929510402649829,0.9262536873156342,54.0
0.20960563088707174,0.9262536873156342,53.9
0.21043370251526758,0.9262536873156342,53.8
0.21105475623641445,0.9262536873156342,53.7
0.21146879205051236,0.9262536873156342,53.6
0.2117793189110858,0.9262536873156342,53.5
0.21364248007452644,0.9262536873156342,53.4
0.21416002484214886,0.9262536873156342,53.3
0.21509160542386915,0.9262536873156342,53.2
0.2154021322844426,0.9262536873156342,53.1
0.2158161680985405,0.9262536873156342,53.0
0.2174723113549322,0.9262536873156342,52.8
0.21809336507607907,0.9262536873156342,52.7
0.21840389193665252,0.9262536873156342,52.6
0.2189214367042749,0.9262536873156342,52.5
0.21964599937894627,0.9262536873156342,52.4
0.22026705310009315,0.9262536873156342,52.3
0.22078459786771557,0.9262536873156342,52.2
0.22119863368181347,0.9262536873156342,52.1
0.22150916054238692,0.9262536873156342,52.0
0.22181968740296035,0.9292035398230089,51.9
0.22244074112410722,0.9292035398230089,51.8
0.22295828589172964,0.9292035398230089,51.7
0.22337232170582755,0.9292035398230089,51.6
0.22357933961287652,0.9292035398230089,51.5
0.22388986647344997,0.9292035398230089,51.4
0.22399337542697442,0.9292035398230089,51.3
0.22492495600869475,0.9321533923303835,51.2
0.2261670634509885,0.9321533923303835,51.0
0.22668460821861092,0.9321533923303835,50.9
0.22699513507918434,0.9321533923303835,50.8
0.22782320670738018,0.9321533923303835,50.7
0.22844426042852706,0.9321533923303835,50.5
0.228858296242625,0.9321533923303835,50.4
0.22937584101024738,0.9321533923303835,50.3
0.2308249663595901,0.9321533923303835,50.1
0.2313425111272125,0.9321533923303835,50.0
0.2319635648483594,0.9321533923303835,49.9
0.23248110961598178,0.9321533923303835,49.8
0.2334126901977021,0.9321533923303835,49.7
0.23372321705827553,0.9321533923303835,49.6
0.23413725287237347,0.9321533923303835,49.5
0.2344477797329469,0.9321533923303835,49.4
0.23465479763999586,0.9321533923303835,49.3
0.23527585136114273,0.9321533923303835,49.2
0.2354828692681917,0.9321533923303835,49.1
0.23631094089638754,0.9321533923303835,49.0
0.23724252147810784,0.9321533923303835,48.9
0.2375530483386813,0.9321533923303835,48.8
0.23807059310630369,0.9321533923303835,48.7
0.2386916468274506,0.9321533923303835,48.6
0.23941620950212195,0.9321533923303835,48.5
0.24003726322326882,0.9321533923303835,48.4
0.24024428113031776,0.9351032448377581,48.3
0.2406583169444157,0.9380530973451328,48.2
0.24169340647966048,0.9380530973451328,48.1
0.24200393334023393,0.9380530973451328,48.0
0.2422109512472829,0.9380530973451328,47.9
0.2426249870613808,0.9380530973451328,47.8
0.24334954973605216,0.9380530973451328,47.7
0.24397060345719904,0.9380530973451328,47.6
0.24500569299244385,0.943952802359882,47.4
0.24552323776006624,0.943952802359882,47.3
0.24655832729531105,0.943952802359882,47.2
0.2473863989235069,0.943952802359882,47.0
0.2476969257840803,0.943952802359882,46.9
0.24821447055170273,0.943952802359882,46.8
0.2503881585757168,0.943952802359882,46.7
0.2509057033433392,0.943952802359882,46.6
0.2515267570644861,0.943952802359882,46.5
0.25173377497153504,0.943952802359882,46.4
0.25225131973915743,0.943952802359882,46.3
0.2529758824138288,0.943952802359882,46.2
0.25370044508850015,0.9469026548672567,46.1
0.2541144809025981,0.9469026548672567,46.0
0.25483904357726944,0.9469026548672567,45.9
0.25535658834489183,0.9469026548672567,45.8
0.2570127316012835,0.9469026548672567,45.6
0.25794431218300384,0.9469026548672567,45.5
0.2585653659041507,0.9469026548672567,45.4
0.25928992857882205,0.9469026548672567,45.3
0.25991098229996895,0.9469026548672567,45.2
0.26042852706759134,0.9469026548672567,45.1
0.2612565986957872,0.9469026548672567,45.0
0.2621881792775075,0.9469026548672567,44.9
0.2628092329986544,0.9469026548672567,44.7
0.2636373046268502,0.9469026548672567,44.6
0.26436186730152156,0.9469026548672567,44.5
0.2657074836973398,0.9469026548672567,44.4
0.2662250284649622,0.9469026548672567,44.3
0.26663906427906015,0.9469026548672567,44.2
0.2676741538143049,0.9469026548672567,44.1
0.26829520753545183,0.9469026548672567,44.0
0.2693302970706966,0.9469026548672567,43.9
0.269847841838319,0.9469026548672567,43.8
0.27005485974536797,0.9469026548672567,43.7
0.2703653866059414,0.9469026548672567,43.6
0.27057240451299036,0.9469026548672567,43.5
0.27253907462995547,0.9469026548672567,43.4
0.27336714625815134,0.9469026548672567,43.3
0.2740917089328227,0.9469026548672567,43.2
0.2746092537004451,0.9469026548672567,43.1
0.275230307421592,0.9469026548672567,43.0
0.2754373253286409,0.9469026548672567,42.9
0.27616188800331226,0.9469026548672567,42.8
0.27730048649208155,0.9469026548672567,42.7
0.27781803125970395,0.9469026548672567,42.6
0.2782320670738019,0.9469026548672567,42.5
0.27874961184142427,0.9469026548672567,42.4
0.27947417451609563,0.9469026548672567,42.3
0.2797847013766691,0.9469026548672567,42.2
0.2807162819583894,0.9469026548672567,42.1
0.2813373356795363,0.9469026548672567,42.0
0.28206189835420764,0.9469026548672567,41.9
0.28257944312183003,0.9469026548672567,41.8
0.2837180416105993,0.9469026548672567,41.7
0.28402856847117275,0.9469026548672567,41.6
0.2852706759134665,0.9469026548672567,41.4
0.28568471172756443,0.9469026548672567,41.3
0.28609874754166237,0.9469026548672567,41.1
0.28661629230928476,0.9469026548672567,41.0
0.2872373460304316,0.9469026548672567,40.9
0.2873408549839561,0.9469026548672567,40.8
0.28816892661215193,0.9469026548672567,40.7
0.2893075251009212,0.9469026548672567,40.6
0.28992857882206813,0.9469026548672567,40.5
0.29075665045026394,0.9469026548672567,40.3
0.2914812131249353,0.9469026548672567,40.2
0.293137356381327,0.9469026548672567,40.1
0.29334437428837595,0.9498525073746312,40.0
0.2934478832419004,0.9528023598820059,39.9
0.2940689369630473,0.9528023598820059,39.8
0.29479349963771867,0.9528023598820059,39.7
0.2951040264982921,0.9528023598820059,39.6
0.29582858917296345,0.9528023598820059,39.5
0.29644964289411035,0.9528023598820059,39.4
0.2973812234758307,0.9528023598820059,39.3
0.29862333091812443,0.9528023598820059,39.0
0.2992443846392713,0.9528023598820059,38.8
0.2997619294068937,0.9528023598820059,38.7
0.3001759652209916,0.9528023598820059,38.6
0.30090052789566296,0.9528023598820059,38.5
0.3019356174309078,0.9528023598820059,38.3
0.30255667115205465,0.9528023598820059,38.2
0.3029707069661526,0.9557522123893806,38.1
0.30317772487320155,0.9557522123893806,38.0
0.30462685022254427,0.9557522123893806,37.9
0.30514439499016666,0.9557522123893806,37.8
0.3053514128972156,0.9557522123893806,37.7
0.30597246661836247,0.9557522123893806,37.6
0.30628299347893595,0.9557522123893806,37.5
0.3072145740606562,0.9587020648967551,37.4
0.30824966359590106,0.9587020648967551,37.2
0.3094917710381948,0.9587020648967551,37.0
0.31073387848048856,0.9587020648967551,36.9
0.31125142324811095,0.9587020648967551,36.8
0.31383914708622296,0.9587020648967551,36.7
0.31446020080736986,0.9587020648967551,36.5
0.3150812545285167,0.9587020648967551,36.4
0.3159093261567126,0.9587020648967551,36.3
0.31642687092433497,0.9587020648967551,36.2
0.3172549425525308,0.9587020648967551,36.1
0.3181865231342511,0.9587020648967551,36.0
0.31849704999482453,0.9587020648967551,35.900000000000006
0.319014594762447,0.9587020648967551,35.8
0.31911810371597144,0.9587020648967551,35.7
0.31973915743711834,0.9587020648967551,35.599999999999994
0.3209812648794121,0.9587020648967551,35.5
0.3214988096470345,0.9587020648967551,35.400000000000006
0.32253389918227926,0.9587020648967551,35.3
0.3234654797639996,0.9587020648967551,35.2
0.32419004243867094,0.9587020648967551,35.099999999999994
0.3254321498809647,0.9587020648967551,34.900000000000006
0.3259496946485871,0.9587020648967551,34.8
0.3264672394162095,0.9616519174041298,34.7
0.3269847841838319,0.9616519174041298,34.599999999999994
0.32760583790497877,0.9616519174041298,34.5
0.3280198737190767,0.9616519174041298,34.400000000000006
0.32874443639374806,0.9616519174041298,34.3
0.3295725080219439,0.9616519174041298,34.2
0.3305040886036642,0.9616519174041298,34.099999999999994
0.33122865127833556,0.9616519174041298,34.0
0.33174619604595795,0.9616519174041298,33.900000000000006
0.33236724976710486,0.9616519174041298,33.8
0.3332988303488252,0.9616519174041298,33.7
0.3336093572093986,0.9616519174041298,33.599999999999994
0.334126901977021,0.9616519174041298,33.5
0.33702515267570643,0.9616519174041298,33.400000000000006
0.3375426974433288,0.9616519174041298,33.3
0.33826726011800023,0.9646017699115044,33.2
0.3388883138391471,0.9646017699115044,33.0
0.33909533174619605,0.9646017699115044,32.900000000000006
0.339509367560294,0.9646017699115044,32.8
0.3398198944208674,0.9646017699115044,32.7
0.3404409481420143,0.9646017699115044,32.599999999999994
0.3409584929096367,0.9646017699115044,32.5
0.34106200186316116,0.9646017699115044,32.400000000000006
0.34157954663078355,0.9646017699115044,32.3
0.34220060035193045,0.9646017699115044,32.2
0.34302867198012627,0.9646017699115044,32.099999999999994
0.3431321809336508,0.9646017699115044,32.0
0.34354621674774866,0.9646017699115044,31.900000000000006
0.3440637615153711,0.9646017699115044,31.799999999999997
0.3443742883759445,0.967551622418879,31.700000000000003
0.3450988510506159,0.967551622418879,31.599999999999994
0.3460304316323362,0.967551622418879,31.5
0.34675499430700757,0.967551622418879,31.400000000000006
0.3473760480281544,0.967551622418879,31.299999999999997
0.34830762860987474,0.967551622418879,31.200000000000003
0.3487216644239727,0.967551622418879,31.099999999999994
0.34923920919159507,0.967551622418879,31.0
0.3499637718662664,0.967551622418879,30.900000000000006
0.3501707897733154,0.967551622418879,30.799999999999997
0.3511023703550357,0.9705014749262537,30.700000000000003
0.3518269330297071,0.9705014749262537,30.599999999999994
0.35234447779732947,0.9705014749262537,30.5
0.3524479867508539,0.9705014749262537,30.400000000000006
0.3532760583790498,0.9705014749262537,30.299999999999997
0.3535865852396232,0.9705014749262537,30.200000000000003
0.3560708001242107,0.9734513274336283,30.099999999999994
0.35700238070593104,0.9734513274336283,29.900000000000006
0.35710588965945556,0.9734513274336283,29.799999999999997
0.35814097919470034,0.9734513274336283,29.700000000000003
0.35876203291584724,0.9734513274336283,29.599999999999994
0.35969361349756757,0.9734513274336283,29.5
0.3605216851257634,0.9734513274336283,29.400000000000006
0.3609357209398613,0.9734513274336283,29.299999999999997
0.3616602836145327,0.9734513274336283,29.200000000000003
0.36186730152158164,0.9734513274336283,29.099999999999994
0.362591864196253,0.9734513274336283,29.0
0.36352344477797327,0.9734513274336283,28.900000000000006
0.36435151640616914,0.9734513274336283,28.799999999999997
0.36528309698788947,0.9734513274336283,28.700000000000003
0.36549011489493843,0.9734513274336283,28.599999999999994
0.3662146775696098,0.976401179941003,28.5
0.36714625815133006,0.976401179941003,28.400000000000006
0.3676638029189525,0.976401179941003,28.299999999999997
0.3680778387330504,0.976401179941003,28.200000000000003
0.3686988924541973,0.976401179941003,28.099999999999994
0.3692164372218197,0.976401179941003,28.0
0.37014801780354,0.976401179941003,27.900000000000006
0.37139012524583376,0.976401179941003,27.799999999999997
0.3722181968740296,0.976401179941003,27.700000000000003
0.3728392505951765,0.976401179941003,27.599999999999994
0.37335679536279887,0.976401179941003,27.5
0.37449539385156816,0.9793510324483776,27.400000000000006
0.375323465479764,0.9793510324483776,27.299999999999997
0.37604802815443533,0.9793510324483776,27.200000000000003
0.3763585550150088,0.9793510324483776,27.099999999999994
0.37697960873615566,0.9793510324483776,27.0
0.37780768036435153,0.9793510324483776,26.799999999999997
0.380498913155988,0.9793510324483776,26.700000000000003
0.38070593106303696,0.9793510324483776,26.599999999999994
0.38174102059828174,0.9793510324483776,26.5
0.3824655832729531,0.9793510324483776,26.400000000000006
0.3830866369941,0.9793510324483776,26.299999999999997
0.3839147086222958,0.9793510324483776,26.200000000000003
0.3852603250181141,0.9793510324483776,26.099999999999994
0.3858813787392609,0.9793510324483776,26.0
0.3866059414139323,0.9793510324483776,25.900000000000006
0.38743401304212816,0.9793510324483776,25.799999999999997
0.3881585757167995,0.9793510324483776,25.700000000000003
0.38846910257737294,0.9793510324483776,25.599999999999994
0.38909015629851984,0.9793510324483776,25.5
0.39002173688024017,0.9793510324483776,25.400000000000006
0.3914708622295829,0.9793510324483776,25.200000000000003
0.3922989338577787,0.9793510324483776,25.099999999999994
0.39271296967187663,0.9793510324483776,25.0
0.393230514439499,0.9793510324483776,24.900000000000006
0.393437532346548,0.9793510324483776,24.799999999999997
0.3937480592071214,0.9793510324483776,24.700000000000003
0.39602525618465995,0.9793510324483776,24.5
0.3964392919987579,0.9793510324483776,24.400000000000006
0.39664630990580685,0.9793510324483776,24.299999999999997
0.3970603457199048,0.9793510324483776,24.200000000000003
0.39809543525514957,0.9793510324483776,24.099999999999994
0.3985094710692475,0.9793510324483776,24.0
0.39923403374391886,0.9793510324483776,23.900000000000006
0.4000621053721147,0.9793510324483776,23.700000000000003
0.40089017700031054,0.9793510324483776,23.599999999999994
0.40182175758203087,0.9793510324483776,23.5
0.4052375530483387,0.9793510324483776,23.400000000000006
0.40585860676948554,0.9793510324483776,23.299999999999997
0.4060656246765345,0.9793510324483776,23.200000000000003
0.4066866783976814,0.9793510324483776,23.099999999999994
0.40741124107235277,0.9793510324483776,23.0
0.4088603664216955,0.9793510324483776,22.900000000000006
0.41010247386398924,0.9793510324483776,22.700000000000003
0.4103094917710382,0.9793510324483776,22.599999999999994
0.4114480902598075,0.9793510324483776,22.5
0.4118621260739054,0.9793510324483776,22.400000000000006
0.41237967084152777,0.9793510324483776,22.299999999999997
0.4127937066556257,0.9793510324483776,22.200000000000003
0.41403581409791945,0.9793510324483776,22.099999999999994
0.41434634095849293,0.9793510324483776,22.0
0.41548493944726217,0.9793510324483776,21.900000000000006
0.416727046889556,0.9793510324483776,21.799999999999997
0.4175551185177518,0.9793510324483776,21.700000000000003
0.41879722596004554,0.9793510324483776,21.599999999999994
0.4195217886347169,0.9793510324483776,21.5
0.42034986026291277,0.9793510324483776,21.400000000000006
0.4206603871234862,0.9793510324483776,21.299999999999997
0.42128144084463304,0.9793510324483776,21.200000000000003
0.4226270572404513,0.9793510324483776,21.099999999999994
0.4231446020080737,0.9793510324483776,21.0
0.42397267363626956,0.9793510324483776,20.900000000000006
0.4246972363109409,0.9793510324483776,20.799999999999997
0.42593934375323467,0.9793510324483776,20.700000000000003
0.42635337956733255,0.9793510324483776,20.599999999999994
0.426663906427906,0.9793510324483776,20.5
0.4273884691025774,0.9793510324483776,20.400000000000006
0.4278025049166753,0.9793510324483776,20.299999999999997
0.4285270675913467,0.9793510324483776,20.200000000000003
0.43463409584929097,0.9793510324483776,20.099999999999994
0.4353586585239623,0.9793510324483776,20.0
0.4358762032915847,0.9793510324483776,19.900000000000006
0.4364972570127316,0.9793510324483776,19.799999999999997
0.4375323465479764,0.9793510324483776,19.700000000000003
0.4391884898043681,0.9793510324483776,19.5
0.44094814201428423,0.9793510324483776,19.400000000000006
0.442190249456578,0.9793510324483776,19.299999999999997
0.44270779422420037,0.9793510324483776,19.200000000000003
0.4436393748059207,0.9793510324483776,19.099999999999994
0.4441569195735431,0.9793510324483776,19.0
0.4453990270158369,0.9793510324483776,18.900000000000006
0.44550253596936135,0.9793510324483776,18.799999999999997
0.44715867922575303,0.9793510324483776,18.599999999999994
0.44746920608632645,0.9793510324483776,18.5
0.44860780457509575,0.9793510324483776,18.400000000000006
0.45026394783148743,0.9793510324483776,18.200000000000003
0.4514025463202567,0.9793510324483776,18.099999999999994
0.45171307318083015,0.9793510324483776,18.0
0.45223061794845254,0.9793510324483776,17.900000000000006
0.45305868957664835,0.9793510324483776,17.799999999999997
0.4544043059724666,0.9793510324483776,17.700000000000003
0.4546113238795156,0.9793510324483776,17.599999999999994
0.45533588655418694,0.9793510324483776,17.5
0.45616395818238276,0.9793510324483776,17.400000000000006
0.4570955387641031,0.9793510324483776,17.299999999999997
0.45792361039229895,0.9793510324483776,17.200000000000003
0.45895869992754373,0.9793510324483776,17.0
0.4602008073698375,0.9793510324483776,16.900000000000006
0.46340958492909634,0.9823008849557522,16.799999999999997
0.4669288893489287,0.9823008849557522,16.700000000000003
0.46806748783769797,0.9823008849557522,16.599999999999994
0.46972363109408966,0.9823008849557522,16.400000000000006
0.47075872062933444,0.9823008849557522,16.299999999999997
0.4711727564434324,0.9823008849557522,16.200000000000003
0.47272539074629955,0.9823008849557522,16.099999999999994
0.47334644446744645,0.9823008849557522,16.0
0.47438153400269123,0.9823008849557522,15.799999999999997
0.4751060966773626,0.9823008849557522,15.700000000000003
0.4762446951661319,0.9823008849557522,15.599999999999994
0.4765552220267053,0.9823008849557522,15.5
0.4786254010971949,0.9852507374631269,15.400000000000006
0.47945347272539074,0.9852507374631269,15.299999999999997
0.4804885622606355,0.9852507374631269,15.200000000000003
0.4811096159817824,0.9852507374631269,15.099999999999994
0.4818341786564538,0.9852507374631269,15.0
0.4824552323776007,0.9852507374631269,14.900000000000006
0.48369733981989443,0.9852507374631269,14.799999999999997
0.4843183935410413,0.9852507374631269,14.700000000000003
0.4847324293551392,0.9852507374631269,14.599999999999994
0.4863885726115309,0.9852507374631269,14.400000000000006
0.48711313528620226,0.9852507374631269,14.299999999999997
0.48763068005382465,0.9852507374631269,14.200000000000003
0.48907980540316737,0.9852507374631269,14.099999999999994
0.491149984473657,0.9852507374631269,13.900000000000006
0.4922885829624262,0.9852507374631269,13.799999999999997
0.49322016354414655,0.9852507374631269,13.700000000000003
0.4939447262188179,0.9852507374631269,13.599999999999994
0.4944622709864403,0.9852507374631269,13.5
0.4996377186626643,0.9882005899705014,13.400000000000006
0.5002587723838112,0.9882005899705014,13.299999999999997
0.5006728081979092,0.9882005899705014,13.200000000000003
0.5008798261049581,0.9882005899705014,13.099999999999994
0.5020184245937274,0.9882005899705014,13.0
0.5028464962219232,0.9882005899705014,12.900000000000006
0.5049166752924128,0.9882005899705014,12.799999999999997
0.5056412379670842,0.9882005899705014,12.700000000000003
0.5061587827347066,0.9882005899705014,12.599999999999994
0.5071938722699514,0.9882005899705014,12.5
0.5084359797122451,0.9882005899705014,12.400000000000006
0.5093675602939655,0.9882005899705014,12.299999999999997
0.5100921229686368,0.9882005899705014,12.200000000000003
0.5121623020391264,0.9882005899705014,12.099999999999994
0.5127833557602732,0.9882005899705014,12.0
0.514025463202567,0.9882005899705014,11.900000000000006
0.5151640616913363,0.9882005899705014,11.799999999999997
0.5158886243660077,0.9882005899705014,11.700000000000003
0.517027222854777,0.9882005899705014,11.599999999999994
0.5175447676223993,0.9882005899705014,11.5
0.5185798571576441,0.9882005899705014,11.400000000000006
0.5204430183210847,0.9882005899705014,11.299999999999997
0.5213745989028051,0.9882005899705014,11.200000000000003
0.5226167063450988,0.9882005899705014,11.099999999999994
0.5235482869268192,0.9882005899705014,11.0
0.524169340647966,0.9882005899705014,10.900000000000006
0.5266535555325536,0.9882005899705014,10.799999999999997
0.5275851361142739,0.9882005899705014,10.700000000000003
0.5290342614636167,0.9882005899705014,10.5
0.5300693509988614,0.9882005899705014,10.400000000000006
0.5312079494876307,0.9882005899705014,10.299999999999997
0.532139530069351,0.9911504424778761,10.200000000000003
0.5357623434427078,0.9911504424778761,10.099999999999994
0.5369009419314771,0.9911504424778761,10.0
0.5381430493737708,0.9911504424778761,9.900000000000006
0.5385570851878687,0.9911504424778761,9.799999999999997
0.5393851568160646,0.9911504424778761,9.700000000000003
0.5404202463513094,0.9911504424778761,9.599999999999994
0.5412483179795052,0.9911504424778761,9.5
0.5434220060035193,0.9911504424778761,9.400000000000006
0.5444570955387641,0.9911504424778761,9.299999999999997
0.5459062208881068,0.9911504424778761,9.200000000000003
0.5464237656557293,0.9911504424778761,9.099999999999994
0.5473553462374495,0.9911504424778761,9.0
0.5479763999585964,0.9911504424778761,8.900000000000006
0.5495290342614636,0.9911504424778761,8.799999999999997
0.5501500879826104,0.9911504424778761,8.700000000000003
0.5509781596108063,0.9911504424778761,8.599999999999994
0.5519097401925267,0.9911504424778761,8.5
0.5535658834489183,0.9911504424778761,8.299999999999997
0.5538764103094918,0.9911504424778761,8.200000000000003
0.5557395714729324,0.9911504424778761,8.099999999999994
0.557809750543422,0.9911504424778761,7.900000000000006
0.5592588758927647,0.9911504424778761,7.700000000000003
0.5605009833350585,0.9911504424778761,7.599999999999994
0.5610185281026809,0.9911504424778761,7.5
0.5623641444984991,0.9911504424778761,7.400000000000006
0.5633992340337439,0.9911504424778761,7.299999999999997
0.5648483593830866,0.9911504424778761,7.200000000000003
0.5650553772901356,0.9911504424778761,7.099999999999994
0.5661939757789048,0.9911504424778761,7.0
0.5676431011282476,0.9911504424778761,6.900000000000006
0.573129075665045,0.9911504424778761,6.799999999999997
0.5740606562467654,0.9911504424778761,6.700000000000003
0.5754062726425836,0.9911504424778761,6.599999999999994
0.5766483800848773,0.9911504424778761,6.5
0.5785115412483179,0.9911504424778761,6.299999999999997
0.5800641755511852,0.9911504424778761,6.200000000000003
0.5821343546216747,0.9911504424778761,6.099999999999994
0.583479971017493,0.9911504424778761,6.0
0.5841010247386399,0.9911504424778761,5.900000000000006
0.5854466411344581,0.9911504424778761,5.799999999999997
0.585860676948556,0.9911504424778761,5.700000000000003
0.5866887485767519,0.9911504424778761,5.599999999999994
0.5871027843908498,0.9911504424778761,5.5
0.5901045440430597,0.9911504424778761,5.400000000000006
0.5913466514853535,0.9911504424778761,5.299999999999997
0.5926922678811717,0.9911504424778761,5.200000000000003
0.593416830555843,0.9911504424778761,5.099999999999994
0.5952799917192837,0.9911504424778761,5.0
0.5966256081151019,0.9911504424778761,4.900000000000006
0.5983852603250182,0.9911504424778761,4.799999999999997
0.599006314046165,0.9911504424778761,4.700000000000003
0.6003519304419832,0.9911504424778761,4.599999999999994
0.6014905289307525,0.9911504424778761,4.5
0.6027326363730463,0.9911504424778761,4.400000000000006
0.6042852706759134,0.9911504424778761,4.299999999999997
0.6061484318393541,0.9911504424778761,4.200000000000003
0.6081151019563192,0.9911504424778761,4.099999999999994
0.6099782631197599,0.9911504424778761,4.0
0.6110133526550047,0.9911504424778761,3.9000000000000057
0.6127730048649208,0.9911504424778761,3.799999999999997
0.6134975675395922,0.9911504424778761,3.700000000000003
0.6151537107959838,0.9911504424778761,3.5
0.6175344167270469,0.9911504424778761,3.4000000000000057
0.6185695062622917,0.9911504424778761,3.299999999999997
0.6200186316116344,0.9911504424778761,3.200000000000003
0.6208467032398303,0.9911504424778761,3.0999999999999943
0.621881792775075,0.9911504424778761,3.0
0.624262498706138,0.9911504424778761,2.9000000000000057
0.6259186419625298,0.9911504424778761,2.799999999999997
0.6273677673118725,0.9911504424778761,2.700000000000003
0.6285063658006418,0.9911504424778761,2.5999999999999943
0.6295414553358866,0.9911504424778761,2.5
0.632439706034572,0.9911504424778761,2.299999999999997
0.6335783045233413,0.9911504424778761,2.200000000000003
0.6365800641755511,0.9911504424778761,2.0999999999999943
0.6378221716178449,0.9911504424778761,2.0
0.6394783148742367,0.9911504424778761,1.9000000000000057
0.6407204223165304,0.9911504424778761,1.7999999999999972
0.6412379670841528,0.9911504424778761,1.7000000000000028
0.6422730566193976,0.9911504424778761,1.5999999999999943
0.642997619294069,0.9911504424778761,1.5
0.6447572715039851,0.9911504424778761,1.4000000000000057
0.6464134147603767,0.9911504424778761,1.2999999999999972
0.647966049063244,0.9911504424778761,1.2000000000000028
0.6487941206914398,0.9911504424778761,1.0999999999999943
0.6494151744125867,0.9911504424778761,1.0
0.6509678087154539,0.9911504424778761,0.9000000000000057
0.6540730773211882,0.9911504424778761,0.7999999999999972
0.6552116758099575,0.9911504424778761,0.7000000000000028
0.6562467653452023,0.9911504424778761,0.5999999999999943
0.6573853638339716,0.9911504424778761,0.5
0.658109926508643,0.9911504424778761,0.4000000000000057
0.6589379981368388,0.9911504424778761,0.29999999999999716
0.6600765966256081,0.9911504424778761,0.20000000000000284
1.0,1.0,0.09999999999999432
